{
  "Resources": {
    "VPCB9E5F0B4": {
      "Type": "AWS::EC2::VPC",
      "Properties": {
        "CidrBlock": "10.0.0.0/16",
        "EnableDnsHostnames": true,
        "EnableDnsSupport": true,
        "InstanceTenancy": "default",
        "Tags": [
          {
            "Key": "kubernetes.io/cluster/cluster",
            "Value": "shared"
          },
          {
            "Key": "Name",
            "Value": "EnvironmentStack-noEE/VPC"
          }
        ]
      },
      "Metadata": {
        "aws:cdk:path": "EnvironmentStack-noEE/VPC/Resource"
      }
    },
    "VPCPublicSubnet1SubnetB4246D30": {
      "Type": "AWS::EC2::Subnet",
      "Properties": {
        "CidrBlock": "10.0.0.0/18",
        "VpcId": {
          "Ref": "VPCB9E5F0B4"
        },
        "AvailabilityZone": {
          "Fn::Select": [
            0,
            {
              "Fn::GetAZs": ""
            }
          ]
        },
        "MapPublicIpOnLaunch": true,
        "Tags": [
          {
            "Key": "aws-cdk:subnet-name",
            "Value": "Public"
          },
          {
            "Key": "aws-cdk:subnet-type",
            "Value": "Public"
          },
          {
            "Key": "kubernetes.io/cluster/cluster",
            "Value": "shared"
          },
          {
            "Key": "kubernetes.io/role/elb",
            "Value": "1"
          },
          {
            "Key": "Name",
            "Value": "EnvironmentStack-noEE/VPC/PublicSubnet1"
          }
        ]
      },
      "Metadata": {
        "aws:cdk:path": "EnvironmentStack-noEE/VPC/PublicSubnet1/Subnet"
      }
    },
    "VPCPublicSubnet1RouteTableFEE4B781": {
      "Type": "AWS::EC2::RouteTable",
      "Properties": {
        "VpcId": {
          "Ref": "VPCB9E5F0B4"
        },
        "Tags": [
          {
            "Key": "kubernetes.io/cluster/cluster",
            "Value": "shared"
          },
          {
            "Key": "kubernetes.io/role/elb",
            "Value": "1"
          },
          {
            "Key": "Name",
            "Value": "EnvironmentStack-noEE/VPC/PublicSubnet1"
          }
        ]
      },
      "Metadata": {
        "aws:cdk:path": "EnvironmentStack-noEE/VPC/PublicSubnet1/RouteTable"
      }
    },
    "VPCPublicSubnet1RouteTableAssociation0B0896DC": {
      "Type": "AWS::EC2::SubnetRouteTableAssociation",
      "Properties": {
        "RouteTableId": {
          "Ref": "VPCPublicSubnet1RouteTableFEE4B781"
        },
        "SubnetId": {
          "Ref": "VPCPublicSubnet1SubnetB4246D30"
        }
      },
      "Metadata": {
        "aws:cdk:path": "EnvironmentStack-noEE/VPC/PublicSubnet1/RouteTableAssociation"
      }
    },
    "VPCPublicSubnet1DefaultRoute91CEF279": {
      "Type": "AWS::EC2::Route",
      "Properties": {
        "RouteTableId": {
          "Ref": "VPCPublicSubnet1RouteTableFEE4B781"
        },
        "DestinationCidrBlock": "0.0.0.0/0",
        "GatewayId": {
          "Ref": "VPCIGWB7E252D3"
        }
      },
      "DependsOn": [
        "VPCVPCGW99B986DC"
      ],
      "Metadata": {
        "aws:cdk:path": "EnvironmentStack-noEE/VPC/PublicSubnet1/DefaultRoute"
      }
    },
    "VPCPublicSubnet1EIP6AD938E8": {
      "Type": "AWS::EC2::EIP",
      "Properties": {
        "Domain": "vpc",
        "Tags": [
          {
            "Key": "kubernetes.io/cluster/cluster",
            "Value": "shared"
          },
          {
            "Key": "kubernetes.io/role/elb",
            "Value": "1"
          },
          {
            "Key": "Name",
            "Value": "EnvironmentStack-noEE/VPC/PublicSubnet1"
          }
        ]
      },
      "Metadata": {
        "aws:cdk:path": "EnvironmentStack-noEE/VPC/PublicSubnet1/EIP"
      }
    },
    "VPCPublicSubnet1NATGatewayE0556630": {
      "Type": "AWS::EC2::NatGateway",
      "Properties": {
        "AllocationId": {
          "Fn::GetAtt": [
            "VPCPublicSubnet1EIP6AD938E8",
            "AllocationId"
          ]
        },
        "SubnetId": {
          "Ref": "VPCPublicSubnet1SubnetB4246D30"
        },
        "Tags": [
          {
            "Key": "kubernetes.io/cluster/cluster",
            "Value": "shared"
          },
          {
            "Key": "kubernetes.io/role/elb",
            "Value": "1"
          },
          {
            "Key": "Name",
            "Value": "EnvironmentStack-noEE/VPC/PublicSubnet1"
          }
        ]
      },
      "Metadata": {
        "aws:cdk:path": "EnvironmentStack-noEE/VPC/PublicSubnet1/NATGateway"
      }
    },
    "VPCPublicSubnet2Subnet74179F39": {
      "Type": "AWS::EC2::Subnet",
      "Properties": {
        "CidrBlock": "10.0.64.0/18",
        "VpcId": {
          "Ref": "VPCB9E5F0B4"
        },
        "AvailabilityZone": {
          "Fn::Select": [
            1,
            {
              "Fn::GetAZs": ""
            }
          ]
        },
        "MapPublicIpOnLaunch": true,
        "Tags": [
          {
            "Key": "aws-cdk:subnet-name",
            "Value": "Public"
          },
          {
            "Key": "aws-cdk:subnet-type",
            "Value": "Public"
          },
          {
            "Key": "kubernetes.io/cluster/cluster",
            "Value": "shared"
          },
          {
            "Key": "kubernetes.io/role/elb",
            "Value": "1"
          },
          {
            "Key": "Name",
            "Value": "EnvironmentStack-noEE/VPC/PublicSubnet2"
          }
        ]
      },
      "Metadata": {
        "aws:cdk:path": "EnvironmentStack-noEE/VPC/PublicSubnet2/Subnet"
      }
    },
    "VPCPublicSubnet2RouteTable6F1A15F1": {
      "Type": "AWS::EC2::RouteTable",
      "Properties": {
        "VpcId": {
          "Ref": "VPCB9E5F0B4"
        },
        "Tags": [
          {
            "Key": "kubernetes.io/cluster/cluster",
            "Value": "shared"
          },
          {
            "Key": "kubernetes.io/role/elb",
            "Value": "1"
          },
          {
            "Key": "Name",
            "Value": "EnvironmentStack-noEE/VPC/PublicSubnet2"
          }
        ]
      },
      "Metadata": {
        "aws:cdk:path": "EnvironmentStack-noEE/VPC/PublicSubnet2/RouteTable"
      }
    },
    "VPCPublicSubnet2RouteTableAssociation5A808732": {
      "Type": "AWS::EC2::SubnetRouteTableAssociation",
      "Properties": {
        "RouteTableId": {
          "Ref": "VPCPublicSubnet2RouteTable6F1A15F1"
        },
        "SubnetId": {
          "Ref": "VPCPublicSubnet2Subnet74179F39"
        }
      },
      "Metadata": {
        "aws:cdk:path": "EnvironmentStack-noEE/VPC/PublicSubnet2/RouteTableAssociation"
      }
    },
    "VPCPublicSubnet2DefaultRouteB7481BBA": {
      "Type": "AWS::EC2::Route",
      "Properties": {
        "RouteTableId": {
          "Ref": "VPCPublicSubnet2RouteTable6F1A15F1"
        },
        "DestinationCidrBlock": "0.0.0.0/0",
        "GatewayId": {
          "Ref": "VPCIGWB7E252D3"
        }
      },
      "DependsOn": [
        "VPCVPCGW99B986DC"
      ],
      "Metadata": {
        "aws:cdk:path": "EnvironmentStack-noEE/VPC/PublicSubnet2/DefaultRoute"
      }
    },
    "VPCPublicSubnet2EIP4947BC00": {
      "Type": "AWS::EC2::EIP",
      "Properties": {
        "Domain": "vpc",
        "Tags": [
          {
            "Key": "kubernetes.io/cluster/cluster",
            "Value": "shared"
          },
          {
            "Key": "kubernetes.io/role/elb",
            "Value": "1"
          },
          {
            "Key": "Name",
            "Value": "EnvironmentStack-noEE/VPC/PublicSubnet2"
          }
        ]
      },
      "Metadata": {
        "aws:cdk:path": "EnvironmentStack-noEE/VPC/PublicSubnet2/EIP"
      }
    },
    "VPCPublicSubnet2NATGateway3C070193": {
      "Type": "AWS::EC2::NatGateway",
      "Properties": {
        "AllocationId": {
          "Fn::GetAtt": [
            "VPCPublicSubnet2EIP4947BC00",
            "AllocationId"
          ]
        },
        "SubnetId": {
          "Ref": "VPCPublicSubnet2Subnet74179F39"
        },
        "Tags": [
          {
            "Key": "kubernetes.io/cluster/cluster",
            "Value": "shared"
          },
          {
            "Key": "kubernetes.io/role/elb",
            "Value": "1"
          },
          {
            "Key": "Name",
            "Value": "EnvironmentStack-noEE/VPC/PublicSubnet2"
          }
        ]
      },
      "Metadata": {
        "aws:cdk:path": "EnvironmentStack-noEE/VPC/PublicSubnet2/NATGateway"
      }
    },
    "VPCPrivateSubnet1Subnet8BCA10E0": {
      "Type": "AWS::EC2::Subnet",
      "Properties": {
        "CidrBlock": "10.0.128.0/18",
        "VpcId": {
          "Ref": "VPCB9E5F0B4"
        },
        "AvailabilityZone": {
          "Fn::Select": [
            0,
            {
              "Fn::GetAZs": ""
            }
          ]
        },
        "MapPublicIpOnLaunch": false,
        "Tags": [
          {
            "Key": "aws-cdk:subnet-name",
            "Value": "Private"
          },
          {
            "Key": "aws-cdk:subnet-type",
            "Value": "Private"
          },
          {
            "Key": "kubernetes.io/cluster/cluster",
            "Value": "shared"
          },
          {
            "Key": "kubernetes.io/role/internal-elb",
            "Value": "1"
          },
          {
            "Key": "Name",
            "Value": "EnvironmentStack-noEE/VPC/PrivateSubnet1"
          }
        ]
      },
      "Metadata": {
        "aws:cdk:path": "EnvironmentStack-noEE/VPC/PrivateSubnet1/Subnet"
      }
    },
    "VPCPrivateSubnet1RouteTableBE8A6027": {
      "Type": "AWS::EC2::RouteTable",
      "Properties": {
        "VpcId": {
          "Ref": "VPCB9E5F0B4"
        },
        "Tags": [
          {
            "Key": "kubernetes.io/cluster/cluster",
            "Value": "shared"
          },
          {
            "Key": "kubernetes.io/role/internal-elb",
            "Value": "1"
          },
          {
            "Key": "Name",
            "Value": "EnvironmentStack-noEE/VPC/PrivateSubnet1"
          }
        ]
      },
      "Metadata": {
        "aws:cdk:path": "EnvironmentStack-noEE/VPC/PrivateSubnet1/RouteTable"
      }
    },
    "VPCPrivateSubnet1RouteTableAssociation347902D1": {
      "Type": "AWS::EC2::SubnetRouteTableAssociation",
      "Properties": {
        "RouteTableId": {
          "Ref": "VPCPrivateSubnet1RouteTableBE8A6027"
        },
        "SubnetId": {
          "Ref": "VPCPrivateSubnet1Subnet8BCA10E0"
        }
      },
      "Metadata": {
        "aws:cdk:path": "EnvironmentStack-noEE/VPC/PrivateSubnet1/RouteTableAssociation"
      }
    },
    "VPCPrivateSubnet1DefaultRouteAE1D6490": {
      "Type": "AWS::EC2::Route",
      "Properties": {
        "RouteTableId": {
          "Ref": "VPCPrivateSubnet1RouteTableBE8A6027"
        },
        "DestinationCidrBlock": "0.0.0.0/0",
        "NatGatewayId": {
          "Ref": "VPCPublicSubnet1NATGatewayE0556630"
        }
      },
      "Metadata": {
        "aws:cdk:path": "EnvironmentStack-noEE/VPC/PrivateSubnet1/DefaultRoute"
      }
    },
    "VPCPrivateSubnet2SubnetCFCDAA7A": {
      "Type": "AWS::EC2::Subnet",
      "Properties": {
        "CidrBlock": "10.0.192.0/18",
        "VpcId": {
          "Ref": "VPCB9E5F0B4"
        },
        "AvailabilityZone": {
          "Fn::Select": [
            1,
            {
              "Fn::GetAZs": ""
            }
          ]
        },
        "MapPublicIpOnLaunch": false,
        "Tags": [
          {
            "Key": "aws-cdk:subnet-name",
            "Value": "Private"
          },
          {
            "Key": "aws-cdk:subnet-type",
            "Value": "Private"
          },
          {
            "Key": "kubernetes.io/cluster/cluster",
            "Value": "shared"
          },
          {
            "Key": "kubernetes.io/role/internal-elb",
            "Value": "1"
          },
          {
            "Key": "Name",
            "Value": "EnvironmentStack-noEE/VPC/PrivateSubnet2"
          }
        ]
      },
      "Metadata": {
        "aws:cdk:path": "EnvironmentStack-noEE/VPC/PrivateSubnet2/Subnet"
      }
    },
    "VPCPrivateSubnet2RouteTable0A19E10E": {
      "Type": "AWS::EC2::RouteTable",
      "Properties": {
        "VpcId": {
          "Ref": "VPCB9E5F0B4"
        },
        "Tags": [
          {
            "Key": "kubernetes.io/cluster/cluster",
            "Value": "shared"
          },
          {
            "Key": "kubernetes.io/role/internal-elb",
            "Value": "1"
          },
          {
            "Key": "Name",
            "Value": "EnvironmentStack-noEE/VPC/PrivateSubnet2"
          }
        ]
      },
      "Metadata": {
        "aws:cdk:path": "EnvironmentStack-noEE/VPC/PrivateSubnet2/RouteTable"
      }
    },
    "VPCPrivateSubnet2RouteTableAssociation0C73D413": {
      "Type": "AWS::EC2::SubnetRouteTableAssociation",
      "Properties": {
        "RouteTableId": {
          "Ref": "VPCPrivateSubnet2RouteTable0A19E10E"
        },
        "SubnetId": {
          "Ref": "VPCPrivateSubnet2SubnetCFCDAA7A"
        }
      },
      "Metadata": {
        "aws:cdk:path": "EnvironmentStack-noEE/VPC/PrivateSubnet2/RouteTableAssociation"
      }
    },
    "VPCPrivateSubnet2DefaultRouteF4F5CFD2": {
      "Type": "AWS::EC2::Route",
      "Properties": {
        "RouteTableId": {
          "Ref": "VPCPrivateSubnet2RouteTable0A19E10E"
        },
        "DestinationCidrBlock": "0.0.0.0/0",
        "NatGatewayId": {
          "Ref": "VPCPublicSubnet2NATGateway3C070193"
        }
      },
      "Metadata": {
        "aws:cdk:path": "EnvironmentStack-noEE/VPC/PrivateSubnet2/DefaultRoute"
      }
    },
    "VPCIGWB7E252D3": {
      "Type": "AWS::EC2::InternetGateway",
      "Properties": {
        "Tags": [
          {
            "Key": "kubernetes.io/cluster/cluster",
            "Value": "shared"
          },
          {
            "Key": "Name",
            "Value": "EnvironmentStack-noEE/VPC"
          }
        ]
      },
      "Metadata": {
        "aws:cdk:path": "EnvironmentStack-noEE/VPC/IGW"
      }
    },
    "VPCVPCGW99B986DC": {
      "Type": "AWS::EC2::VPCGatewayAttachment",
      "Properties": {
        "VpcId": {
          "Ref": "VPCB9E5F0B4"
        },
        "InternetGatewayId": {
          "Ref": "VPCIGWB7E252D3"
        }
      },
      "Metadata": {
        "aws:cdk:path": "EnvironmentStack-noEE/VPC/VPCGW"
      }
    },
    "BuildRole41B77417": {
      "Type": "AWS::IAM::Role",
      "Properties": {
        "AssumeRolePolicyDocument": {
          "Statement": [
            {
              "Action": "sts:AssumeRole",
              "Effect": "Allow",
              "Principal": {
                "Service": [
                  "codebuild.amazonaws.com",
                  {
                    "Fn::Join": [
                      "",
                      [
                        "ec2.",
                        {
                          "Ref": "AWS::URLSuffix"
                        }
                      ]
                    ]
                  }
                ]
              }
            }
          ],
          "Version": "2012-10-17"
        },
        "ManagedPolicyArns": [
          {
            "Fn::Join": [
              "",
              [
                "arn:",
                {
                  "Ref": "AWS::Partition"
                },
                ":iam::aws:policy/AdministratorAccess"
              ]
            ]
          }
        ],
        "Tags": [
          {
            "Key": "kubernetes.io/cluster/cluster",
            "Value": "shared"
          }
        ]
      },
      "Metadata": {
        "aws:cdk:path": "EnvironmentStack-noEE/BuildRole/Resource"
      }
    },
    "BuildRoleDefaultPolicy05D1D9FE": {
      "Type": "AWS::IAM::Policy",
      "Properties": {
        "PolicyDocument": {
          "Statement": [
            {
              "Action": [
                "logs:CreateLogGroup",
                "logs:CreateLogStream",
                "logs:PutLogEvents"
              ],
              "Effect": "Allow",
              "Resource": [
                {
                  "Fn::Join": [
                    "",
                    [
                      "arn:",
                      {
                        "Ref": "AWS::Partition"
                      },
                      ":logs:",
                      {
                        "Ref": "AWS::Region"
                      },
                      ":",
                      {
                        "Ref": "AWS::AccountId"
                      },
                      ":log-group:/aws/codebuild/",
                      {
                        "Ref": "BuildProject097C5DB7"
                      }
                    ]
                  ]
                },
                {
                  "Fn::Join": [
                    "",
                    [
                      "arn:",
                      {
                        "Ref": "AWS::Partition"
                      },
                      ":logs:",
                      {
                        "Ref": "AWS::Region"
                      },
                      ":",
                      {
                        "Ref": "AWS::AccountId"
                      },
                      ":log-group:/aws/codebuild/",
                      {
                        "Ref": "BuildProject097C5DB7"
                      },
                      ":*"
                    ]
                  ]
                }
              ]
            },
            {
              "Action": [
                "codebuild:CreateReportGroup",
                "codebuild:CreateReport",
                "codebuild:UpdateReport",
                "codebuild:BatchPutTestCases"
              ],
              "Effect": "Allow",
              "Resource": {
                "Fn::Join": [
                  "",
                  [
                    "arn:",
                    {
                      "Ref": "AWS::Partition"
                    },
                    ":codebuild:",
                    {
                      "Ref": "AWS::Region"
                    },
                    ":",
                    {
                      "Ref": "AWS::AccountId"
                    },
                    ":report-group/",
                    {
                      "Ref": "BuildProject097C5DB7"
                    },
                    "-*"
                  ]
                ]
              }
            },
            {
              "Action": [
                "s3:GetObject*",
                "s3:GetBucket*",
                "s3:List*"
              ],
              "Effect": "Allow",
              "Resource": [
                {
                  "Fn::GetAtt": [
                    "PipelineArtifactsBucket22248F97",
                    "Arn"
                  ]
                },
                {
                  "Fn::Join": [
                    "",
                    [
                      {
                        "Fn::GetAtt": [
                          "PipelineArtifactsBucket22248F97",
                          "Arn"
                        ]
                      },
                      "/*"
                    ]
                  ]
                }
              ]
            },
            {
              "Action": [
                "kms:Decrypt",
                "kms:DescribeKey"
              ],
              "Effect": "Allow",
              "Resource": {
                "Fn::GetAtt": [
                  "PipelineArtifactsBucketEncryptionKey01D58D69",
                  "Arn"
                ]
              }
            },
            {
              "Action": [
                "kms:Decrypt",
                "kms:Encrypt",
                "kms:ReEncrypt*",
                "kms:GenerateDataKey*"
              ],
              "Effect": "Allow",
              "Resource": {
                "Fn::GetAtt": [
                  "PipelineArtifactsBucketEncryptionKey01D58D69",
                  "Arn"
                ]
              }
            }
          ],
          "Version": "2012-10-17"
        },
        "PolicyName": "BuildRoleDefaultPolicy05D1D9FE",
        "Roles": [
          {
            "Ref": "BuildRole41B77417"
          }
        ]
      },
      "Metadata": {
        "aws:cdk:path": "EnvironmentStack-noEE/BuildRole/DefaultPolicy/Resource"
      }
    },
    "InstanceProfile": {
      "Type": "AWS::IAM::InstanceProfile",
      "Properties": {
        "Roles": [
          {
            "Ref": "BuildRole41B77417"
          }
        ]
      },
      "Metadata": {
        "aws:cdk:path": "EnvironmentStack-noEE/InstanceProfile"
      }
    },
    "BuildProject097C5DB7": {
      "Type": "AWS::CodeBuild::Project",
      "Properties": {
        "Artifacts": {
          "Type": "CODEPIPELINE"
        },
        "Environment": {
          "ComputeType": "BUILD_GENERAL1_SMALL",
          "Image": "aws/codebuild/standard:1.0",
          "PrivilegedMode": false,
          "Type": "LINUX_CONTAINER"
        },
        "ServiceRole": {
          "Fn::GetAtt": [
            "BuildRole41B77417",
            "Arn"
          ]
        },
        "Source": {
          "BuildSpec": "buildspec.yml",
          "Type": "CODEPIPELINE"
        },
        "EncryptionKey": {
          "Fn::GetAtt": [
            "PipelineArtifactsBucketEncryptionKey01D58D69",
            "Arn"
          ]
        },
        "Tags": [
          {
            "Key": "kubernetes.io/cluster/cluster",
            "Value": "shared"
          }
        ]
      },
      "Metadata": {
        "aws:cdk:path": "EnvironmentStack-noEE/BuildProject/Resource"
      }
    },
    "PipelineArtifactsBucketEncryptionKey01D58D69": {
      "Type": "AWS::KMS::Key",
      "Properties": {
        "KeyPolicy": {
          "Statement": [
            {
              "Action": [
                "kms:Create*",
                "kms:Describe*",
                "kms:Enable*",
                "kms:List*",
                "kms:Put*",
                "kms:Update*",
                "kms:Revoke*",
                "kms:Disable*",
                "kms:Get*",
                "kms:Delete*",
                "kms:ScheduleKeyDeletion",
                "kms:CancelKeyDeletion",
                "kms:GenerateDataKey",
                "kms:TagResource",
                "kms:UntagResource"
              ],
              "Effect": "Allow",
              "Principal": {
                "AWS": {
                  "Fn::Join": [
                    "",
                    [
                      "arn:",
                      {
                        "Ref": "AWS::Partition"
                      },
                      ":iam::",
                      {
                        "Ref": "AWS::AccountId"
                      },
                      ":root"
                    ]
                  ]
                }
              },
              "Resource": "*"
            },
            {
              "Action": [
                "kms:Decrypt",
                "kms:DescribeKey",
                "kms:Encrypt",
                "kms:ReEncrypt*",
                "kms:GenerateDataKey*"
              ],
              "Effect": "Allow",
              "Principal": {
                "AWS": {
                  "Fn::GetAtt": [
                    "PipelineRoleD68726F7",
                    "Arn"
                  ]
                }
              },
              "Resource": "*"
            },
            {
              "Action": [
                "kms:Encrypt",
                "kms:ReEncrypt*",
                "kms:GenerateDataKey*"
              ],
              "Effect": "Allow",
              "Principal": {
                "AWS": {
                  "Fn::GetAtt": [
                    "PipelineSourceS3SourceRepoCodePipelineActionRole92E94F3C",
                    "Arn"
                  ]
                }
              },
              "Resource": "*"
            },
            {
              "Action": [
                "kms:Decrypt",
                "kms:DescribeKey"
              ],
              "Effect": "Allow",
              "Principal": {
                "AWS": {
                  "Fn::GetAtt": [
                    "BuildRole41B77417",
                    "Arn"
                  ]
                }
              },
              "Resource": "*"
            },
            {
              "Action": [
                "kms:Decrypt",
                "kms:Encrypt",
                "kms:ReEncrypt*",
                "kms:GenerateDataKey*"
              ],
              "Effect": "Allow",
              "Principal": {
                "AWS": {
                  "Fn::GetAtt": [
                    "BuildRole41B77417",
                    "Arn"
                  ]
                }
              },
              "Resource": "*"
            }
          ],
          "Version": "2012-10-17"
        },
        "Tags": [
          {
            "Key": "kubernetes.io/cluster/cluster",
            "Value": "shared"
          }
        ]
      },
      "DependsOn": [
        "Cloud9Stack",
        "VPCIGWB7E252D3",
        "VPCPrivateSubnet1DefaultRouteAE1D6490",
        "VPCPrivateSubnet1RouteTableBE8A6027",
        "VPCPrivateSubnet1RouteTableAssociation347902D1",
        "VPCPrivateSubnet1Subnet8BCA10E0",
        "VPCPrivateSubnet2DefaultRouteF4F5CFD2",
        "VPCPrivateSubnet2RouteTable0A19E10E",
        "VPCPrivateSubnet2RouteTableAssociation0C73D413",
        "VPCPrivateSubnet2SubnetCFCDAA7A",
        "VPCPublicSubnet1DefaultRoute91CEF279",
        "VPCPublicSubnet1EIP6AD938E8",
        "VPCPublicSubnet1NATGatewayE0556630",
        "VPCPublicSubnet1RouteTableFEE4B781",
        "VPCPublicSubnet1RouteTableAssociation0B0896DC",
        "VPCPublicSubnet1SubnetB4246D30",
        "VPCPublicSubnet2DefaultRouteB7481BBA",
        "VPCPublicSubnet2EIP4947BC00",
        "VPCPublicSubnet2NATGateway3C070193",
        "VPCPublicSubnet2RouteTable6F1A15F1",
        "VPCPublicSubnet2RouteTableAssociation5A808732",
        "VPCPublicSubnet2Subnet74179F39",
        "VPCB9E5F0B4",
        "VPCVPCGW99B986DC"
      ],
      "UpdateReplacePolicy": "Delete",
      "DeletionPolicy": "Delete",
      "Metadata": {
        "aws:cdk:path": "EnvironmentStack-noEE/Pipeline/ArtifactsBucketEncryptionKey/Resource"
      }
    },
    "PipelineArtifactsBucket22248F97": {
      "Type": "AWS::S3::Bucket",
      "Properties": {
        "BucketEncryption": {
          "ServerSideEncryptionConfiguration": [
            {
              "ServerSideEncryptionByDefault": {
                "KMSMasterKeyID": {
                  "Fn::GetAtt": [
                    "PipelineArtifactsBucketEncryptionKey01D58D69",
                    "Arn"
                  ]
                },
                "SSEAlgorithm": "aws:kms"
              }
            }
          ]
        },
        "PublicAccessBlockConfiguration": {
          "BlockPublicAcls": true,
          "BlockPublicPolicy": true,
          "IgnorePublicAcls": true,
          "RestrictPublicBuckets": true
        },
        "Tags": [
          {
            "Key": "kubernetes.io/cluster/cluster",
            "Value": "shared"
          }
        ]
      },
      "DependsOn": [
        "Cloud9Stack",
        "VPCIGWB7E252D3",
        "VPCPrivateSubnet1DefaultRouteAE1D6490",
        "VPCPrivateSubnet1RouteTableBE8A6027",
        "VPCPrivateSubnet1RouteTableAssociation347902D1",
        "VPCPrivateSubnet1Subnet8BCA10E0",
        "VPCPrivateSubnet2DefaultRouteF4F5CFD2",
        "VPCPrivateSubnet2RouteTable0A19E10E",
        "VPCPrivateSubnet2RouteTableAssociation0C73D413",
        "VPCPrivateSubnet2SubnetCFCDAA7A",
        "VPCPublicSubnet1DefaultRoute91CEF279",
        "VPCPublicSubnet1EIP6AD938E8",
        "VPCPublicSubnet1NATGatewayE0556630",
        "VPCPublicSubnet1RouteTableFEE4B781",
        "VPCPublicSubnet1RouteTableAssociation0B0896DC",
        "VPCPublicSubnet1SubnetB4246D30",
        "VPCPublicSubnet2DefaultRouteB7481BBA",
        "VPCPublicSubnet2EIP4947BC00",
        "VPCPublicSubnet2NATGateway3C070193",
        "VPCPublicSubnet2RouteTable6F1A15F1",
        "VPCPublicSubnet2RouteTableAssociation5A808732",
        "VPCPublicSubnet2Subnet74179F39",
        "VPCB9E5F0B4",
        "VPCVPCGW99B986DC"
      ],
      "UpdateReplacePolicy": "Retain",
      "DeletionPolicy": "Retain",
      "Metadata": {
        "aws:cdk:path": "EnvironmentStack-noEE/Pipeline/ArtifactsBucket/Resource"
      }
    },
    "PipelineArtifactsBucketEncryptionKeyAlias5C510EEE": {
      "Type": "AWS::KMS::Alias",
      "Properties": {
        "AliasName": "alias/codepipeline-environmentstacknoeepipeline163b67df",
        "TargetKeyId": {
          "Fn::GetAtt": [
            "PipelineArtifactsBucketEncryptionKey01D58D69",
            "Arn"
          ]
        }
      },
      "DependsOn": [
        "Cloud9Stack",
        "VPCIGWB7E252D3",
        "VPCPrivateSubnet1DefaultRouteAE1D6490",
        "VPCPrivateSubnet1RouteTableBE8A6027",
        "VPCPrivateSubnet1RouteTableAssociation347902D1",
        "VPCPrivateSubnet1Subnet8BCA10E0",
        "VPCPrivateSubnet2DefaultRouteF4F5CFD2",
        "VPCPrivateSubnet2RouteTable0A19E10E",
        "VPCPrivateSubnet2RouteTableAssociation0C73D413",
        "VPCPrivateSubnet2SubnetCFCDAA7A",
        "VPCPublicSubnet1DefaultRoute91CEF279",
        "VPCPublicSubnet1EIP6AD938E8",
        "VPCPublicSubnet1NATGatewayE0556630",
        "VPCPublicSubnet1RouteTableFEE4B781",
        "VPCPublicSubnet1RouteTableAssociation0B0896DC",
        "VPCPublicSubnet1SubnetB4246D30",
        "VPCPublicSubnet2DefaultRouteB7481BBA",
        "VPCPublicSubnet2EIP4947BC00",
        "VPCPublicSubnet2NATGateway3C070193",
        "VPCPublicSubnet2RouteTable6F1A15F1",
        "VPCPublicSubnet2RouteTableAssociation5A808732",
        "VPCPublicSubnet2Subnet74179F39",
        "VPCB9E5F0B4",
        "VPCVPCGW99B986DC"
      ],
      "UpdateReplacePolicy": "Delete",
      "DeletionPolicy": "Delete",
      "Metadata": {
        "aws:cdk:path": "EnvironmentStack-noEE/Pipeline/ArtifactsBucketEncryptionKeyAlias/Resource"
      }
    },
    "PipelineRoleD68726F7": {
      "Type": "AWS::IAM::Role",
      "Properties": {
        "AssumeRolePolicyDocument": {
          "Statement": [
            {
              "Action": "sts:AssumeRole",
              "Effect": "Allow",
              "Principal": {
                "Service": "codepipeline.amazonaws.com"
              }
            }
          ],
          "Version": "2012-10-17"
        },
        "Tags": [
          {
            "Key": "kubernetes.io/cluster/cluster",
            "Value": "shared"
          }
        ]
      },
      "DependsOn": [
        "Cloud9Stack",
        "VPCIGWB7E252D3",
        "VPCPrivateSubnet1DefaultRouteAE1D6490",
        "VPCPrivateSubnet1RouteTableBE8A6027",
        "VPCPrivateSubnet1RouteTableAssociation347902D1",
        "VPCPrivateSubnet1Subnet8BCA10E0",
        "VPCPrivateSubnet2DefaultRouteF4F5CFD2",
        "VPCPrivateSubnet2RouteTable0A19E10E",
        "VPCPrivateSubnet2RouteTableAssociation0C73D413",
        "VPCPrivateSubnet2SubnetCFCDAA7A",
        "VPCPublicSubnet1DefaultRoute91CEF279",
        "VPCPublicSubnet1EIP6AD938E8",
        "VPCPublicSubnet1NATGatewayE0556630",
        "VPCPublicSubnet1RouteTableFEE4B781",
        "VPCPublicSubnet1RouteTableAssociation0B0896DC",
        "VPCPublicSubnet1SubnetB4246D30",
        "VPCPublicSubnet2DefaultRouteB7481BBA",
        "VPCPublicSubnet2EIP4947BC00",
        "VPCPublicSubnet2NATGateway3C070193",
        "VPCPublicSubnet2RouteTable6F1A15F1",
        "VPCPublicSubnet2RouteTableAssociation5A808732",
        "VPCPublicSubnet2Subnet74179F39",
        "VPCB9E5F0B4",
        "VPCVPCGW99B986DC"
      ],
      "Metadata": {
        "aws:cdk:path": "EnvironmentStack-noEE/Pipeline/Role/Resource"
      }
    },
    "PipelineRoleDefaultPolicyC7A05455": {
      "Type": "AWS::IAM::Policy",
      "Properties": {
        "PolicyDocument": {
          "Statement": [
            {
              "Action": [
                "s3:GetObject*",
                "s3:GetBucket*",
                "s3:List*",
                "s3:DeleteObject*",
                "s3:PutObject*",
                "s3:Abort*"
              ],
              "Effect": "Allow",
              "Resource": [
                {
                  "Fn::GetAtt": [
                    "PipelineArtifactsBucket22248F97",
                    "Arn"
                  ]
                },
                {
                  "Fn::Join": [
                    "",
                    [
                      {
                        "Fn::GetAtt": [
                          "PipelineArtifactsBucket22248F97",
                          "Arn"
                        ]
                      },
                      "/*"
                    ]
                  ]
                }
              ]
            },
            {
              "Action": [
                "kms:Decrypt",
                "kms:DescribeKey",
                "kms:Encrypt",
                "kms:ReEncrypt*",
                "kms:GenerateDataKey*"
              ],
              "Effect": "Allow",
              "Resource": {
                "Fn::GetAtt": [
                  "PipelineArtifactsBucketEncryptionKey01D58D69",
                  "Arn"
                ]
              }
            },
            {
              "Action": "sts:AssumeRole",
              "Effect": "Allow",
              "Resource": {
                "Fn::GetAtt": [
                  "PipelineSourceS3SourceRepoCodePipelineActionRole92E94F3C",
                  "Arn"
                ]
              }
            },
            {
              "Action": "sts:AssumeRole",
              "Effect": "Allow",
              "Resource": {
                "Fn::GetAtt": [
                  "PipelineDeployCodeBuildProjectCodePipelineActionRole09523741",
                  "Arn"
                ]
              }
            }
          ],
          "Version": "2012-10-17"
        },
        "PolicyName": "PipelineRoleDefaultPolicyC7A05455",
        "Roles": [
          {
            "Ref": "PipelineRoleD68726F7"
          }
        ]
      },
      "DependsOn": [
        "Cloud9Stack",
        "VPCIGWB7E252D3",
        "VPCPrivateSubnet1DefaultRouteAE1D6490",
        "VPCPrivateSubnet1RouteTableBE8A6027",
        "VPCPrivateSubnet1RouteTableAssociation347902D1",
        "VPCPrivateSubnet1Subnet8BCA10E0",
        "VPCPrivateSubnet2DefaultRouteF4F5CFD2",
        "VPCPrivateSubnet2RouteTable0A19E10E",
        "VPCPrivateSubnet2RouteTableAssociation0C73D413",
        "VPCPrivateSubnet2SubnetCFCDAA7A",
        "VPCPublicSubnet1DefaultRoute91CEF279",
        "VPCPublicSubnet1EIP6AD938E8",
        "VPCPublicSubnet1NATGatewayE0556630",
        "VPCPublicSubnet1RouteTableFEE4B781",
        "VPCPublicSubnet1RouteTableAssociation0B0896DC",
        "VPCPublicSubnet1SubnetB4246D30",
        "VPCPublicSubnet2DefaultRouteB7481BBA",
        "VPCPublicSubnet2EIP4947BC00",
        "VPCPublicSubnet2NATGateway3C070193",
        "VPCPublicSubnet2RouteTable6F1A15F1",
        "VPCPublicSubnet2RouteTableAssociation5A808732",
        "VPCPublicSubnet2Subnet74179F39",
        "VPCB9E5F0B4",
        "VPCVPCGW99B986DC"
      ],
      "Metadata": {
        "aws:cdk:path": "EnvironmentStack-noEE/Pipeline/Role/DefaultPolicy/Resource"
      }
    },
    "PipelineC660917D": {
      "Type": "AWS::CodePipeline::Pipeline",
      "Properties": {
        "RoleArn": {
          "Fn::GetAtt": [
            "PipelineRoleD68726F7",
            "Arn"
          ]
        },
        "Stages": [
          {
            "Actions": [
              {
                "ActionTypeId": {
                  "Category": "Source",
                  "Owner": "AWS",
                  "Provider": "S3",
                  "Version": "1"
                },
                "Configuration": {
                  "S3Bucket": {
                    "Fn::Select": [
                      0,
                      {
                        "Fn::Split": [
                          "/",
                          {
                            "Fn::Select": [
                              5,
                              {
                                "Fn::Split": [
                                  ":",
                                  {
                                    "Fn::Join": [
                                      "",
                                      [
                                        "arn:aws:s3:::ee-assets-prod-",
                                        {
                                          "Ref": "AWS::Region"
                                        }
                                      ]
                                    ]
                                  }
                                ]
                              }
                            ]
                          }
                        ]
                      }
                    ]
                  },
                  "S3ObjectKey": "modules/2cae1f20008d4fc5aaef294602649b98/v7/source.zip",
                  "PollForSourceChanges": false
                },
                "Name": "S3SourceRepo",
                "OutputArtifacts": [
                  {
                    "Name": "Artifact_Source_S3SourceRepo"
                  }
                ],
                "RoleArn": {
                  "Fn::GetAtt": [
                    "PipelineSourceS3SourceRepoCodePipelineActionRole92E94F3C",
                    "Arn"
                  ]
                },
                "RunOrder": 1
              }
            ],
            "Name": "Source"
          },
          {
            "Actions": [
              {
                "ActionTypeId": {
                  "Category": "Build",
                  "Owner": "AWS",
                  "Provider": "CodeBuild",
                  "Version": "1"
                },
                "Configuration": {
                  "ProjectName": {
                    "Ref": "BuildProject097C5DB7"
                  },
                  "EnvironmentVariables": {
                    "Fn::Join": [
                      "",
                      [
                        "[{\"name\":\"PublicSubnet1ID\",\"type\":\"PLAINTEXT\",\"value\":\"",
                        {
                          "Ref": "VPCPublicSubnet1SubnetB4246D30"
                        },
                        "\"},{\"name\":\"PublicSubnet2ID\",\"type\":\"PLAINTEXT\",\"value\":\"",
                        {
                          "Ref": "VPCPublicSubnet2Subnet74179F39"
                        },
                        "\"},{\"name\":\"PrivateSubnet1ID\",\"type\":\"PLAINTEXT\",\"value\":\"",
                        {
                          "Ref": "VPCPrivateSubnet1Subnet8BCA10E0"
                        },
                        "\"},{\"name\":\"PrivateSubnet2ID\",\"type\":\"PLAINTEXT\",\"value\":\"",
                        {
                          "Ref": "VPCPrivateSubnet2SubnetCFCDAA7A"
                        },
                        "\"},{\"name\":\"AWS_DEFAULT_REGION\",\"type\":\"PLAINTEXT\",\"value\":\"",
                        {
                          "Ref": "AWS::Region"
                        },
                        "\"},{\"name\":\"INSTANCEPROFILEID\",\"type\":\"PLAINTEXT\",\"value\":\"",
                        {
                          "Ref": "InstanceProfile"
                        },
                        "\"},{\"name\":\"AWS_ACCOUNT_ID\",\"type\":\"PLAINTEXT\",\"value\":\"",
                        {
                          "Ref": "AWS::AccountId"
                        },
                        "\"}]"
                      ]
                    ]
                  }
                },
                "InputArtifacts": [
                  {
                    "Name": "Artifact_Source_S3SourceRepo"
                  }
                ],
                "Name": "CodeBuildProject",
                "RoleArn": {
                  "Fn::GetAtt": [
                    "PipelineDeployCodeBuildProjectCodePipelineActionRole09523741",
                    "Arn"
                  ]
                },
                "RunOrder": 1
              }
            ],
            "Name": "Deploy"
          }
        ],
        "ArtifactStore": {
          "EncryptionKey": {
            "Id": {
              "Fn::GetAtt": [
                "PipelineArtifactsBucketEncryptionKey01D58D69",
                "Arn"
              ]
            },
            "Type": "KMS"
          },
          "Location": {
            "Ref": "PipelineArtifactsBucket22248F97"
          },
          "Type": "S3"
        },
        "Tags": [
          {
            "Key": "kubernetes.io/cluster/cluster",
            "Value": "shared"
          }
        ]
      },
      "DependsOn": [
        "Cloud9Stack",
        "PipelineRoleDefaultPolicyC7A05455",
        "PipelineRoleD68726F7",
        "VPCIGWB7E252D3",
        "VPCPrivateSubnet1DefaultRouteAE1D6490",
        "VPCPrivateSubnet1RouteTableBE8A6027",
        "VPCPrivateSubnet1RouteTableAssociation347902D1",
        "VPCPrivateSubnet1Subnet8BCA10E0",
        "VPCPrivateSubnet2DefaultRouteF4F5CFD2",
        "VPCPrivateSubnet2RouteTable0A19E10E",
        "VPCPrivateSubnet2RouteTableAssociation0C73D413",
        "VPCPrivateSubnet2SubnetCFCDAA7A",
        "VPCPublicSubnet1DefaultRoute91CEF279",
        "VPCPublicSubnet1EIP6AD938E8",
        "VPCPublicSubnet1NATGatewayE0556630",
        "VPCPublicSubnet1RouteTableFEE4B781",
        "VPCPublicSubnet1RouteTableAssociation0B0896DC",
        "VPCPublicSubnet1SubnetB4246D30",
        "VPCPublicSubnet2DefaultRouteB7481BBA",
        "VPCPublicSubnet2EIP4947BC00",
        "VPCPublicSubnet2NATGateway3C070193",
        "VPCPublicSubnet2RouteTable6F1A15F1",
        "VPCPublicSubnet2RouteTableAssociation5A808732",
        "VPCPublicSubnet2Subnet74179F39",
        "VPCB9E5F0B4",
        "VPCVPCGW99B986DC"
      ],
      "Metadata": {
        "aws:cdk:path": "EnvironmentStack-noEE/Pipeline/Resource"
      }
    },
    "PipelineSourceS3SourceRepoCodePipelineActionRole92E94F3C": {
      "Type": "AWS::IAM::Role",
      "Properties": {
        "AssumeRolePolicyDocument": {
          "Statement": [
            {
              "Action": "sts:AssumeRole",
              "Effect": "Allow",
              "Principal": {
                "AWS": {
                  "Fn::Join": [
                    "",
                    [
                      "arn:",
                      {
                        "Ref": "AWS::Partition"
                      },
                      ":iam::",
                      {
                        "Ref": "AWS::AccountId"
                      },
                      ":root"
                    ]
                  ]
                }
              }
            }
          ],
          "Version": "2012-10-17"
        },
        "Tags": [
          {
            "Key": "kubernetes.io/cluster/cluster",
            "Value": "shared"
          }
        ]
      },
      "DependsOn": [
        "Cloud9Stack",
        "VPCIGWB7E252D3",
        "VPCPrivateSubnet1DefaultRouteAE1D6490",
        "VPCPrivateSubnet1RouteTableBE8A6027",
        "VPCPrivateSubnet1RouteTableAssociation347902D1",
        "VPCPrivateSubnet1Subnet8BCA10E0",
        "VPCPrivateSubnet2DefaultRouteF4F5CFD2",
        "VPCPrivateSubnet2RouteTable0A19E10E",
        "VPCPrivateSubnet2RouteTableAssociation0C73D413",
        "VPCPrivateSubnet2SubnetCFCDAA7A",
        "VPCPublicSubnet1DefaultRoute91CEF279",
        "VPCPublicSubnet1EIP6AD938E8",
        "VPCPublicSubnet1NATGatewayE0556630",
        "VPCPublicSubnet1RouteTableFEE4B781",
        "VPCPublicSubnet1RouteTableAssociation0B0896DC",
        "VPCPublicSubnet1SubnetB4246D30",
        "VPCPublicSubnet2DefaultRouteB7481BBA",
        "VPCPublicSubnet2EIP4947BC00",
        "VPCPublicSubnet2NATGateway3C070193",
        "VPCPublicSubnet2RouteTable6F1A15F1",
        "VPCPublicSubnet2RouteTableAssociation5A808732",
        "VPCPublicSubnet2Subnet74179F39",
        "VPCB9E5F0B4",
        "VPCVPCGW99B986DC"
      ],
      "Metadata": {
        "aws:cdk:path": "EnvironmentStack-noEE/Pipeline/Source/S3SourceRepo/CodePipelineActionRole/Resource"
      }
    },
    "PipelineSourceS3SourceRepoCodePipelineActionRoleDefaultPolicy09012301": {
      "Type": "AWS::IAM::Policy",
      "Properties": {
        "PolicyDocument": {
          "Statement": [
            {
              "Action": [
                "s3:GetObject*",
                "s3:GetBucket*",
                "s3:List*"
              ],
              "Effect": "Allow",
              "Resource": [
                {
                  "Fn::Join": [
                    "",
                    [
                      "arn:aws:s3:::ee-assets-prod-",
                      {
                        "Ref": "AWS::Region"
                      }
                    ]
                  ]
                },
                {
                  "Fn::Join": [
                    "",
                    [
                      "arn:aws:s3:::ee-assets-prod-",
                      {
                        "Ref": "AWS::Region"
                      },
                      "/*"
                    ]
                  ]
                }
              ]
            },
            {
              "Action": [
                "s3:DeleteObject*",
                "s3:PutObject*",
                "s3:Abort*"
              ],
              "Effect": "Allow",
              "Resource": [
                {
                  "Fn::GetAtt": [
                    "PipelineArtifactsBucket22248F97",
                    "Arn"
                  ]
                },
                {
                  "Fn::Join": [
                    "",
                    [
                      {
                        "Fn::GetAtt": [
                          "PipelineArtifactsBucket22248F97",
                          "Arn"
                        ]
                      },
                      "/*"
                    ]
                  ]
                }
              ]
            },
            {
              "Action": [
                "kms:Encrypt",
                "kms:ReEncrypt*",
                "kms:GenerateDataKey*"
              ],
              "Effect": "Allow",
              "Resource": {
                "Fn::GetAtt": [
                  "PipelineArtifactsBucketEncryptionKey01D58D69",
                  "Arn"
                ]
              }
            }
          ],
          "Version": "2012-10-17"
        },
        "PolicyName": "PipelineSourceS3SourceRepoCodePipelineActionRoleDefaultPolicy09012301",
        "Roles": [
          {
            "Ref": "PipelineSourceS3SourceRepoCodePipelineActionRole92E94F3C"
          }
        ]
      },
      "DependsOn": [
        "Cloud9Stack",
        "VPCIGWB7E252D3",
        "VPCPrivateSubnet1DefaultRouteAE1D6490",
        "VPCPrivateSubnet1RouteTableBE8A6027",
        "VPCPrivateSubnet1RouteTableAssociation347902D1",
        "VPCPrivateSubnet1Subnet8BCA10E0",
        "VPCPrivateSubnet2DefaultRouteF4F5CFD2",
        "VPCPrivateSubnet2RouteTable0A19E10E",
        "VPCPrivateSubnet2RouteTableAssociation0C73D413",
        "VPCPrivateSubnet2SubnetCFCDAA7A",
        "VPCPublicSubnet1DefaultRoute91CEF279",
        "VPCPublicSubnet1EIP6AD938E8",
        "VPCPublicSubnet1NATGatewayE0556630",
        "VPCPublicSubnet1RouteTableFEE4B781",
        "VPCPublicSubnet1RouteTableAssociation0B0896DC",
        "VPCPublicSubnet1SubnetB4246D30",
        "VPCPublicSubnet2DefaultRouteB7481BBA",
        "VPCPublicSubnet2EIP4947BC00",
        "VPCPublicSubnet2NATGateway3C070193",
        "VPCPublicSubnet2RouteTable6F1A15F1",
        "VPCPublicSubnet2RouteTableAssociation5A808732",
        "VPCPublicSubnet2Subnet74179F39",
        "VPCB9E5F0B4",
        "VPCVPCGW99B986DC"
      ],
      "Metadata": {
        "aws:cdk:path": "EnvironmentStack-noEE/Pipeline/Source/S3SourceRepo/CodePipelineActionRole/DefaultPolicy/Resource"
      }
    },
    "PipelineDeployCodeBuildProjectCodePipelineActionRole09523741": {
      "Type": "AWS::IAM::Role",
      "Properties": {
        "AssumeRolePolicyDocument": {
          "Statement": [
            {
              "Action": "sts:AssumeRole",
              "Effect": "Allow",
              "Principal": {
                "AWS": {
                  "Fn::Join": [
                    "",
                    [
                      "arn:",
                      {
                        "Ref": "AWS::Partition"
                      },
                      ":iam::",
                      {
                        "Ref": "AWS::AccountId"
                      },
                      ":root"
                    ]
                  ]
                }
              }
            }
          ],
          "Version": "2012-10-17"
        },
        "Tags": [
          {
            "Key": "kubernetes.io/cluster/cluster",
            "Value": "shared"
          }
        ]
      },
      "DependsOn": [
        "Cloud9Stack",
        "VPCIGWB7E252D3",
        "VPCPrivateSubnet1DefaultRouteAE1D6490",
        "VPCPrivateSubnet1RouteTableBE8A6027",
        "VPCPrivateSubnet1RouteTableAssociation347902D1",
        "VPCPrivateSubnet1Subnet8BCA10E0",
        "VPCPrivateSubnet2DefaultRouteF4F5CFD2",
        "VPCPrivateSubnet2RouteTable0A19E10E",
        "VPCPrivateSubnet2RouteTableAssociation0C73D413",
        "VPCPrivateSubnet2SubnetCFCDAA7A",
        "VPCPublicSubnet1DefaultRoute91CEF279",
        "VPCPublicSubnet1EIP6AD938E8",
        "VPCPublicSubnet1NATGatewayE0556630",
        "VPCPublicSubnet1RouteTableFEE4B781",
        "VPCPublicSubnet1RouteTableAssociation0B0896DC",
        "VPCPublicSubnet1SubnetB4246D30",
        "VPCPublicSubnet2DefaultRouteB7481BBA",
        "VPCPublicSubnet2EIP4947BC00",
        "VPCPublicSubnet2NATGateway3C070193",
        "VPCPublicSubnet2RouteTable6F1A15F1",
        "VPCPublicSubnet2RouteTableAssociation5A808732",
        "VPCPublicSubnet2Subnet74179F39",
        "VPCB9E5F0B4",
        "VPCVPCGW99B986DC"
      ],
      "Metadata": {
        "aws:cdk:path": "EnvironmentStack-noEE/Pipeline/Deploy/CodeBuildProject/CodePipelineActionRole/Resource"
      }
    },
    "PipelineDeployCodeBuildProjectCodePipelineActionRoleDefaultPolicyBEF02A68": {
      "Type": "AWS::IAM::Policy",
      "Properties": {
        "PolicyDocument": {
          "Statement": [
            {
              "Action": [
                "codebuild:BatchGetBuilds",
                "codebuild:StartBuild",
                "codebuild:StopBuild"
              ],
              "Effect": "Allow",
              "Resource": {
                "Fn::GetAtt": [
                  "BuildProject097C5DB7",
                  "Arn"
                ]
              }
            }
          ],
          "Version": "2012-10-17"
        },
        "PolicyName": "PipelineDeployCodeBuildProjectCodePipelineActionRoleDefaultPolicyBEF02A68",
        "Roles": [
          {
            "Ref": "PipelineDeployCodeBuildProjectCodePipelineActionRole09523741"
          }
        ]
      },
      "DependsOn": [
        "Cloud9Stack",
        "VPCIGWB7E252D3",
        "VPCPrivateSubnet1DefaultRouteAE1D6490",
        "VPCPrivateSubnet1RouteTableBE8A6027",
        "VPCPrivateSubnet1RouteTableAssociation347902D1",
        "VPCPrivateSubnet1Subnet8BCA10E0",
        "VPCPrivateSubnet2DefaultRouteF4F5CFD2",
        "VPCPrivateSubnet2RouteTable0A19E10E",
        "VPCPrivateSubnet2RouteTableAssociation0C73D413",
        "VPCPrivateSubnet2SubnetCFCDAA7A",
        "VPCPublicSubnet1DefaultRoute91CEF279",
        "VPCPublicSubnet1EIP6AD938E8",
        "VPCPublicSubnet1NATGatewayE0556630",
        "VPCPublicSubnet1RouteTableFEE4B781",
        "VPCPublicSubnet1RouteTableAssociation0B0896DC",
        "VPCPublicSubnet1SubnetB4246D30",
        "VPCPublicSubnet2DefaultRouteB7481BBA",
        "VPCPublicSubnet2EIP4947BC00",
        "VPCPublicSubnet2NATGateway3C070193",
        "VPCPublicSubnet2RouteTable6F1A15F1",
        "VPCPublicSubnet2RouteTableAssociation5A808732",
        "VPCPublicSubnet2Subnet74179F39",
        "VPCB9E5F0B4",
        "VPCVPCGW99B986DC"
      ],
      "Metadata": {
        "aws:cdk:path": "EnvironmentStack-noEE/Pipeline/Deploy/CodeBuildProject/CodePipelineActionRole/DefaultPolicy/Resource"
      }
    },
    "Cloud9Stack": {
      "Type": "AWS::CloudFormation::Stack",
      "Properties": {
        "TemplateURL": "https://ee-assets-prod-us-east-1.s3.amazonaws.com/modules/2cae1f20008d4fc5aaef294602649b98/v7/cloud9-ide-instance.yaml",
        "Parameters": {
          "C9InstanceType": "m5.large",
          "C9Subnet": {
            "Ref": "VPCPublicSubnet1SubnetB4246D30"
          }
        },
        "Tags": [
          {
            "Key": "kubernetes.io/cluster/cluster",
            "Value": "shared"
          }
        ]
      },
      "Metadata": {
        "aws:cdk:path": "EnvironmentStack-noEE/Cloud9Stack"
      }
    }
  }
}